From,To,R,X,G,B,a
1,5,0.00150,0.020,0,0.00,1.000
2,4,0.00900,0.100,0,1.72,1.000
2,5,0.00450,0.050,0,0.88,1.000
3,4,0.00075,0.010,0,0.00,1.000
4,5,0.00225,0.025,0,0.44,1.000